template,parameters,datetime,loglevel,pid
org.apache.hadoop.mapreduce.v2.app.MRAppMaster: Created MRAppMaster for application * ,,"2015-10-19 17:39:19,594",INFO,[main]
org.apache.hadoop.mapreduce.v2.app.MRAppMaster: Executing with tokens: ,,"2015-10-19 17:39:20,969",INFO,[main]
"org.apache.hadoop.mapreduce.v2.app.MRAppMaster: Kind: YARN_AM_RM_TOKEN, Service: , Ident: (appAttemptId { application_id { id: * cluster_timestamp: * } attemptId: 1 } keyId: * ",,"2015-10-19 17:39:20,969",INFO,[main]
org.apache.hadoop.mapreduce.v2.app.MRAppMaster: Using mapred newApiCommitter. ,,"2015-10-19 17:39:21,203",INFO,[main]
org.apache.hadoop.mapreduce.v2.app.MRAppMaster: OutputCommitter set in config null ,,"2015-10-19 17:39:22,453",INFO,[main]
org.apache.hadoop.mapreduce.v2.app.MRAppMaster: OutputCommitter * ,,"2015-10-19 17:39:22,531",INFO,[main]
org.apache.hadoop.yarn.event.AsyncDispatcher: Registering class * for class * ,,"2015-10-19 17:39:22,609",INFO,[main]
org.apache.hadoop.yarn.event.AsyncDispatcher: Registering class * for class * ,,"2015-10-19 17:39:22,625",INFO,[main]
org.apache.hadoop.yarn.event.AsyncDispatcher: Registering class * for class * ,,"2015-10-19 17:39:22,625",INFO,[main]
org.apache.hadoop.yarn.event.AsyncDispatcher: Registering class * for class * ,,"2015-10-19 17:39:22,625",INFO,[main]
org.apache.hadoop.yarn.event.AsyncDispatcher: Registering class * for class * ,,"2015-10-19 17:39:22,625",INFO,[main]
org.apache.hadoop.yarn.event.AsyncDispatcher: Registering class * for class * ,,"2015-10-19 17:39:22,625",INFO,[main]
org.apache.hadoop.yarn.event.AsyncDispatcher: Registering class * for class * ,,"2015-10-19 17:39:22,625",INFO,[main]
org.apache.hadoop.yarn.event.AsyncDispatcher: Registering class * for class * ,,"2015-10-19 17:39:22,625",INFO,[main]
org.apache.hadoop.mapreduce.v2.jobhistory.JobHistoryUtils: Default file system [hdfs://msra-sa-41:9000] ,,"2015-10-19 17:39:22,719",INFO,[main]
org.apache.hadoop.mapreduce.v2.jobhistory.JobHistoryUtils: Default file system [hdfs://msra-sa-41:9000] ,,"2015-10-19 17:39:22,750",INFO,[main]
org.apache.hadoop.mapreduce.v2.jobhistory.JobHistoryUtils: Default file system [hdfs://msra-sa-41:9000] ,,"2015-10-19 17:39:22,797",INFO,[main]
org.apache.hadoop.mapreduce.jobhistory.JobHistoryEventHandler: Emitting job history data to the timeline server is not enabled ,,"2015-10-19 17:39:22,812",INFO,[main]
org.apache.hadoop.yarn.event.AsyncDispatcher: Registering class * for class * ,,"2015-10-19 17:39:22,875",INFO,[main]
org.apache.hadoop.metrics2.impl.MetricsConfig: loaded properties from hadoop-metrics2.properties ,,"2015-10-19 17:39:23,312",INFO,[main]
org.apache.hadoop.metrics2.impl.MetricsSystemImpl: Scheduled snapshot period at 10 second(s). ,,"2015-10-19 17:39:23,375",INFO,[main]
org.apache.hadoop.metrics2.impl.MetricsSystemImpl: MRAppMaster metrics system started ,,"2015-10-19 17:39:23,375",INFO,[main]
org.apache.hadoop.mapreduce.v2.app.job.impl.JobImpl: Adding job token for * to jobTokenSecretManager ,,"2015-10-19 17:39:23,391",INFO,[main]
org.apache.hadoop.mapreduce.v2.app.job.impl.JobImpl: Not uberizing * because: not enabled; too many maps; too much input; ,,"2015-10-19 17:39:23,594",INFO,[main]
org.apache.hadoop.mapreduce.v2.app.job.impl.JobImpl: Input size for job job_1445182159119_0018 = 1256521728. Number of splits = 10 ,,"2015-10-19 17:39:23,625",INFO,[main]
org.apache.hadoop.mapreduce.v2.app.job.impl.JobImpl: * for job job_1445182159119_0018 = * ,,"2015-10-19 17:39:23,625",INFO,[main]
org.apache.hadoop.mapreduce.v2.app.job.impl.JobImpl: * Transitioned from * to * ,,"2015-10-19 17:39:23,625",INFO,[main]
"org.apache.hadoop.mapreduce.v2.app.MRAppMaster: MRAppMaster launching normal, non-uberized, multi-container job * ",,"2015-10-19 17:39:23,625",INFO,[main]
org.apache.hadoop.ipc.CallQueueManager: Using callQueue class java.util.concurrent.LinkedBlockingQueue ,,"2015-10-19 17:39:23,672",INFO,[main]
org.apache.hadoop.ipc.Server: Starting Socket Reader #1 for port * ,,"2015-10-19 17:39:23,687",INFO,[Socket Reader #1 for port 58929]
org.apache.hadoop.yarn.factories.impl.pb.RpcServerFactoryPBImpl: Adding protocol org.apache.hadoop.mapreduce.v2.api.MRClientProtocolPB to the server ,,"2015-10-19 17:39:23,781",INFO,[main]
org.apache.hadoop.ipc.Server: IPC Server * starting ,,"2015-10-19 17:39:23,781",INFO,[IPC Server Responder]
org.apache.hadoop.ipc.Server: IPC Server * starting ,,"2015-10-19 17:39:23,781",INFO,[IPC Server listener on 58929]
org.apache.hadoop.mapreduce.v2.app.client.MRClientService: Instantiated MRClientService at * ,,"2015-10-19 17:39:23,781",INFO,[main]
org.mortbay.log: Logging to org.slf4j.impl.Log4jLoggerAdapter(org.mortbay.log) via org.mortbay.log.Slf4jLog ,,"2015-10-19 17:39:23,875",INFO,[main]
org.apache.hadoop.http.HttpRequestLog: Http request log for http.requests.mapreduce is not defined ,,"2015-10-19 17:39:23,875",INFO,[main]
org.apache.hadoop.http.HttpServer2: Added global filter 'safety' (class=org.apache.hadoop.http.HttpServer2$QuotingInputFilter) ,,"2015-10-19 17:39:23,891",INFO,[main]
org.apache.hadoop.http.HttpServer2: Added filter AM_PROXY_FILTER (class=org.apache.hadoop.yarn.server.webproxy.amfilter.AmIpFilter) to context * ,,"2015-10-19 17:39:23,906",INFO,[main]
org.apache.hadoop.http.HttpServer2: Added filter AM_PROXY_FILTER (class=org.apache.hadoop.yarn.server.webproxy.amfilter.AmIpFilter) to context * ,,"2015-10-19 17:39:23,906",INFO,[main]
org.apache.hadoop.http.HttpServer2: adding path spec: * ,,"2015-10-19 17:39:23,906",INFO,[main]
org.apache.hadoop.http.HttpServer2: adding path spec: * ,,"2015-10-19 17:39:23,906",INFO,[main]
org.apache.hadoop.http.HttpServer2: Jetty bound to port * ,,"2015-10-19 17:39:23,922",INFO,[main]
org.mortbay.log: jetty-6.1.26 ,,"2015-10-19 17:39:23,922",INFO,[main]
org.mortbay.log: Extract jar:file:/D:/hadoop-2.6.0-localbox/share/hadoop/yarn/hadoop-yarn-common-2.6.0-SNAPSHOT.jar!/webapps/mapreduce to * ,,"2015-10-19 17:39:23,984",INFO,[main]
org.mortbay.log: Started * ,,"2015-10-19 17:39:24,344",INFO,[main]
org.apache.hadoop.yarn.webapp.WebApps: Web app /mapreduce started at * ,,"2015-10-19 17:39:24,359",INFO,[main]
org.apache.hadoop.yarn.webapp.WebApps: Registered webapp guice modules ,,"2015-10-19 17:39:25,141",INFO,[main]
org.apache.hadoop.mapreduce.v2.app.speculate.DefaultSpeculator: JOB_CREATE * ,,"2015-10-19 17:39:25,141",INFO,[AsyncDispatcher event handler]
org.apache.hadoop.ipc.CallQueueManager: Using callQueue class java.util.concurrent.LinkedBlockingQueue ,,"2015-10-19 17:39:25,141",INFO,[main]
org.apache.hadoop.ipc.Server: Starting Socket Reader #1 for port * ,,"2015-10-19 17:39:25,172",INFO,[Socket Reader #1 for port 58950]
org.apache.hadoop.ipc.Server: IPC Server * starting ,,"2015-10-19 17:39:25,172",INFO,[IPC Server listener on 58950]
org.apache.hadoop.ipc.Server: IPC Server * starting ,,"2015-10-19 17:39:25,172",INFO,[IPC Server Responder]
org.apache.hadoop.mapreduce.v2.app.rm.RMContainerRequestor: nodeBlacklistingEnabled:true ,,"2015-10-19 17:39:25,203",INFO,[main]
org.apache.hadoop.mapreduce.v2.app.rm.RMContainerRequestor: * is * ,,"2015-10-19 17:39:25,203",INFO,[main]
org.apache.hadoop.mapreduce.v2.app.rm.RMContainerRequestor: * is * ,,"2015-10-19 17:39:25,203",INFO,[main]
org.apache.hadoop.yarn.client.RMProxy: Connecting to ResourceManager at * ,,"2015-10-19 17:39:25,297",INFO,[main]
"org.apache.hadoop.mapreduce.v2.app.rm.RMContainerAllocator: maxContainerCapability: <memory:8192, vCores:32> ",,"2015-10-19 17:39:25,797",INFO,[main]
org.apache.hadoop.mapreduce.v2.app.rm.RMContainerAllocator: queue: default ,,"2015-10-19 17:39:25,797",INFO,[main]
org.apache.hadoop.mapreduce.v2.app.launcher.ContainerLauncherImpl: Upper limit on the thread pool size is 500 ,,"2015-10-19 17:39:25,797",INFO,[main]
org.apache.hadoop.yarn.client.api.impl.ContainerManagementProtocolProxy: yarn.client.max-cached-nodemanagers-proxies : 0 ,,"2015-10-19 17:39:25,813",INFO,[main]
org.apache.hadoop.mapreduce.v2.app.job.impl.JobImpl: * Transitioned from * to * ,,"2015-10-19 17:39:25,828",INFO,[AsyncDispatcher event handler]
* Processing the event EventType: * ,"[['2015-10-19', '17:39:25,828', 'INFO', '[CommitterEvent', 'Processor', '#0]', 'org.apache.hadoop.mapreduce.v2.app.commit.CommitterEventHandler:'], ['JOB_SETUP']]","2015-10-19 17:39:25,828",INFO,[CommitterEvent Processor #0]
org.apache.hadoop.mapreduce.v2.app.job.impl.JobImpl: * Transitioned from * to * ,,"2015-10-19 17:39:25,844",INFO,[AsyncDispatcher event handler]
org.apache.hadoop.yarn.util.RackResolver: Resolved * to /default-rack ,,"2015-10-19 17:39:25,906",INFO,[AsyncDispatcher event handler]
org.apache.hadoop.yarn.util.RackResolver: Resolved * to /default-rack ,,"2015-10-19 17:39:25,906",INFO,[AsyncDispatcher event handler]
org.apache.hadoop.mapreduce.v2.app.job.impl.TaskImpl: * Task Transitioned from * to * ,,"2015-10-19 17:39:25,906",INFO,[AsyncDispatcher event handler]
org.apache.hadoop.yarn.util.RackResolver: Resolved * to /default-rack ,,"2015-10-19 17:39:25,906",INFO,[AsyncDispatcher event handler]
org.apache.hadoop.yarn.util.RackResolver: Resolved * to /default-rack ,,"2015-10-19 17:39:25,906",INFO,[AsyncDispatcher event handler]
org.apache.hadoop.mapreduce.v2.app.job.impl.TaskImpl: * Task Transitioned from * to * ,,"2015-10-19 17:39:25,906",INFO,[AsyncDispatcher event handler]
org.apache.hadoop.yarn.util.RackResolver: Resolved * to /default-rack ,,"2015-10-19 17:39:25,906",INFO,[AsyncDispatcher event handler]
org.apache.hadoop.yarn.util.RackResolver: Resolved * to /default-rack ,,"2015-10-19 17:39:25,906",INFO,[AsyncDispatcher event handler]
org.apache.hadoop.mapreduce.v2.app.job.impl.TaskImpl: * Task Transitioned from * to * ,,"2015-10-19 17:39:25,906",INFO,[AsyncDispatcher event handler]
org.apache.hadoop.yarn.util.RackResolver: Resolved * to /default-rack ,,"2015-10-19 17:39:25,906",INFO,[AsyncDispatcher event handler]
org.apache.hadoop.yarn.util.RackResolver: Resolved * to /default-rack ,,"2015-10-19 17:39:25,906",INFO,[AsyncDispatcher event handler]
org.apache.hadoop.mapreduce.v2.app.job.impl.TaskImpl: * Task Transitioned from * to * ,,"2015-10-19 17:39:25,922",INFO,[AsyncDispatcher event handler]
org.apache.hadoop.yarn.util.RackResolver: Resolved * to /default-rack ,,"2015-10-19 17:39:25,922",INFO,[AsyncDispatcher event handler]
org.apache.hadoop.yarn.util.RackResolver: Resolved * to /default-rack ,,"2015-10-19 17:39:25,922",INFO,[AsyncDispatcher event handler]
org.apache.hadoop.mapreduce.v2.app.job.impl.TaskImpl: * Task Transitioned from * to * ,,"2015-10-19 17:39:25,922",INFO,[AsyncDispatcher event handler]
org.apache.hadoop.yarn.util.RackResolver: Resolved * to /default-rack ,,"2015-10-19 17:39:25,922",INFO,[AsyncDispatcher event handler]
org.apache.hadoop.yarn.util.RackResolver: Resolved * to /default-rack ,,"2015-10-19 17:39:25,922",INFO,[AsyncDispatcher event handler]
org.apache.hadoop.mapreduce.v2.app.job.impl.TaskImpl: * Task Transitioned from * to * ,,"2015-10-19 17:39:25,922",INFO,[AsyncDispatcher event handler]
org.apache.hadoop.yarn.util.RackResolver: Resolved * to /default-rack ,,"2015-10-19 17:39:25,922",INFO,[AsyncDispatcher event handler]
org.apache.hadoop.yarn.util.RackResolver: Resolved * to /default-rack ,,"2015-10-19 17:39:25,922",INFO,[AsyncDispatcher event handler]
org.apache.hadoop.mapreduce.v2.app.job.impl.TaskImpl: * Task Transitioned from * to * ,,"2015-10-19 17:39:25,922",INFO,[AsyncDispatcher event handler]
org.apache.hadoop.yarn.util.RackResolver: Resolved * to /default-rack ,,"2015-10-19 17:39:25,922",INFO,[AsyncDispatcher event handler]
org.apache.hadoop.yarn.util.RackResolver: Resolved * to /default-rack ,,"2015-10-19 17:39:25,922",INFO,[AsyncDispatcher event handler]
org.apache.hadoop.mapreduce.v2.app.job.impl.TaskImpl: * Task Transitioned from * to * ,,"2015-10-19 17:39:25,922",INFO,[AsyncDispatcher event handler]
org.apache.hadoop.yarn.util.RackResolver: Resolved * to /default-rack ,,"2015-10-19 17:39:25,922",INFO,[AsyncDispatcher event handler]
org.apache.hadoop.yarn.util.RackResolver: Resolved * to /default-rack ,,"2015-10-19 17:39:25,922",INFO,[AsyncDispatcher event handler]
org.apache.hadoop.mapreduce.v2.app.job.impl.TaskImpl: * Task Transitioned from * to * ,,"2015-10-19 17:39:25,922",INFO,[AsyncDispatcher event handler]
org.apache.hadoop.yarn.util.RackResolver: Resolved * to /default-rack ,,"2015-10-19 17:39:25,922",INFO,[AsyncDispatcher event handler]
org.apache.hadoop.yarn.util.RackResolver: Resolved * to /default-rack ,,"2015-10-19 17:39:25,922",INFO,[AsyncDispatcher event handler]
org.apache.hadoop.mapreduce.v2.app.job.impl.TaskImpl: * Task Transitioned from * to * ,,"2015-10-19 17:39:25,922",INFO,[AsyncDispatcher event handler]
org.apache.hadoop.mapreduce.v2.app.job.impl.TaskImpl: * Task Transitioned from * to * ,,"2015-10-19 17:39:25,922",INFO,[AsyncDispatcher event handler]
org.apache.hadoop.mapreduce.v2.app.job.impl.TaskAttemptImpl: * TaskAttempt Transitioned from * to * ,,"2015-10-19 17:39:25,922",INFO,[AsyncDispatcher event handler]
org.apache.hadoop.mapreduce.v2.app.job.impl.TaskAttemptImpl: * TaskAttempt Transitioned from * to * ,,"2015-10-19 17:39:25,922",INFO,[AsyncDispatcher event handler]
org.apache.hadoop.mapreduce.v2.app.job.impl.TaskAttemptImpl: * TaskAttempt Transitioned from * to * ,,"2015-10-19 17:39:25,922",INFO,[AsyncDispatcher event handler]
org.apache.hadoop.mapreduce.v2.app.job.impl.TaskAttemptImpl: * TaskAttempt Transitioned from * to * ,,"2015-10-19 17:39:25,922",INFO,[AsyncDispatcher event handler]
org.apache.hadoop.mapreduce.v2.app.job.impl.TaskAttemptImpl: * TaskAttempt Transitioned from * to * ,,"2015-10-19 17:39:25,922",INFO,[AsyncDispatcher event handler]
org.apache.hadoop.mapreduce.v2.app.job.impl.TaskAttemptImpl: * TaskAttempt Transitioned from * to * ,,"2015-10-19 17:39:25,922",INFO,[AsyncDispatcher event handler]
org.apache.hadoop.mapreduce.v2.app.job.impl.TaskAttemptImpl: * TaskAttempt Transitioned from * to * ,,"2015-10-19 17:39:25,922",INFO,[AsyncDispatcher event handler]
org.apache.hadoop.mapreduce.v2.app.job.impl.TaskAttemptImpl: * TaskAttempt Transitioned from * to * ,,"2015-10-19 17:39:25,922",INFO,[AsyncDispatcher event handler]
org.apache.hadoop.mapreduce.v2.app.job.impl.TaskAttemptImpl: * TaskAttempt Transitioned from * to * ,,"2015-10-19 17:39:25,922",INFO,[AsyncDispatcher event handler]
org.apache.hadoop.mapreduce.v2.app.job.impl.TaskAttemptImpl: * TaskAttempt Transitioned from * to * ,,"2015-10-19 17:39:25,922",INFO,[AsyncDispatcher event handler]
org.apache.hadoop.mapreduce.v2.app.job.impl.TaskAttemptImpl: * TaskAttempt Transitioned from * to * ,,"2015-10-19 17:39:25,922",INFO,[AsyncDispatcher event handler]
org.apache.hadoop.mapreduce.v2.app.rm.RMContainerAllocator: * vCores:1> ,,"2015-10-19 17:39:25,938",INFO,[Thread-50]
org.apache.hadoop.mapreduce.v2.app.rm.RMContainerAllocator: * vCores:1> ,,"2015-10-19 17:39:25,969",INFO,[Thread-50]
org.apache.hadoop.mapreduce.jobhistory.JobHistoryEventHandler: Event Writer setup for JobId: * File: * ,,"2015-10-19 17:39:26,016",INFO,[eventHandlingThread]
org.apache.hadoop.mapreduce.v2.app.rm.RMContainerAllocator: * Scheduling: PendingReds:1 * ScheduledReds:0 * AssignedReds:0 * CompletedReds:0 * ContRel:0 * ,,"2015-10-19 17:39:26,797",INFO,[RMCommunicator Allocator]
org.apache.hadoop.mapreduce.v2.app.rm.RMContainerRequestor: getResources() for * release= 0 newContainers=0 * ,,"2015-10-19 17:39:26,875",INFO,[RMCommunicator Allocator]
"org.apache.hadoop.mapreduce.v2.app.rm.RMContainerAllocator: Recalculating schedule, * ",,"2015-10-19 17:39:26,906",INFO,[RMCommunicator Allocator]
org.apache.hadoop.mapreduce.v2.app.rm.RMContainerAllocator: Reduce slow start threshold * ,,"2015-10-19 17:39:26,906",INFO,[RMCommunicator Allocator]
"org.apache.hadoop.mapreduce.v2.app.rm.RMContainerAllocator: Recalculating schedule, * ",,"2015-10-19 17:39:27,906",INFO,[RMCommunicator Allocator]
org.apache.hadoop.mapreduce.v2.app.rm.RMContainerAllocator: Reduce slow start threshold * ,,"2015-10-19 17:39:27,906",INFO,[RMCommunicator Allocator]
"org.apache.hadoop.mapreduce.v2.app.rm.RMContainerAllocator: Recalculating schedule, * ",,"2015-10-19 17:39:28,938",INFO,[RMCommunicator Allocator]
org.apache.hadoop.mapreduce.v2.app.rm.RMContainerAllocator: Reduce slow start threshold * ,,"2015-10-19 17:39:28,938",INFO,[RMCommunicator Allocator]
"org.apache.hadoop.mapreduce.v2.app.rm.RMContainerAllocator: Recalculating schedule, * ",,"2015-10-19 17:39:29,938",INFO,[RMCommunicator Allocator]
org.apache.hadoop.mapreduce.v2.app.rm.RMContainerAllocator: Reduce slow start threshold * ,,"2015-10-19 17:39:29,938",INFO,[RMCommunicator Allocator]
"org.apache.hadoop.mapreduce.v2.app.rm.RMContainerAllocator: Recalculating schedule, * ",,"2015-10-19 17:39:31,047",INFO,[RMCommunicator Allocator]
org.apache.hadoop.mapreduce.v2.app.rm.RMContainerAllocator: Reduce slow start threshold * ,,"2015-10-19 17:39:31,047",INFO,[RMCommunicator Allocator]
org.apache.hadoop.mapreduce.v2.app.rm.RMContainerAllocator: Got allocated containers * ,,"2015-10-19 17:39:32,078",INFO,[RMCommunicator Allocator]
org.apache.hadoop.yarn.util.RackResolver: Resolved * to /default-rack ,,"2015-10-19 17:39:32,078",INFO,[RMCommunicator Allocator]
org.apache.hadoop.mapreduce.v2.app.rm.RMContainerAllocator: Assigned * to * ,,"2015-10-19 17:39:32,078",INFO,[RMCommunicator Allocator]
"org.apache.hadoop.mapreduce.v2.app.rm.RMContainerAllocator: Recalculating schedule, * ",,"2015-10-19 17:39:32,094",INFO,[RMCommunicator Allocator]
org.apache.hadoop.mapreduce.v2.app.rm.RMContainerAllocator: Reduce slow start threshold * ,,"2015-10-19 17:39:32,094",INFO,[RMCommunicator Allocator]
org.apache.hadoop.mapreduce.v2.app.rm.RMContainerAllocator: After Scheduling: PendingReds:1 * ScheduledReds:0 * AssignedReds:0 CompletedMaps:0 CompletedReds:0 * ,,"2015-10-19 17:39:32,094",INFO,[RMCommunicator Allocator]
org.apache.hadoop.yarn.util.RackResolver: Resolved * to /default-rack ,,"2015-10-19 17:39:32,235",INFO,[AsyncDispatcher event handler]
org.apache.hadoop.mapreduce.v2.app.job.impl.TaskAttemptImpl: The * file on the remote FS is * ,,"2015-10-19 17:39:32,297",INFO,[AsyncDispatcher event handler]
org.apache.hadoop.mapreduce.v2.app.job.impl.TaskAttemptImpl: The * file on the remote FS is * ,,"2015-10-19 17:39:32,313",INFO,[AsyncDispatcher event handler]
org.apache.hadoop.mapreduce.v2.app.job.impl.TaskAttemptImpl: Adding #0 tokens and #1 secret keys for NM use for launching container ,,"2015-10-19 17:39:32,313",INFO,[AsyncDispatcher event handler]
org.apache.hadoop.mapreduce.v2.app.job.impl.TaskAttemptImpl: Size of containertokens_dob is 1 ,,"2015-10-19 17:39:32,313",INFO,[AsyncDispatcher event handler]
org.apache.hadoop.mapreduce.v2.app.job.impl.TaskAttemptImpl: Putting shuffle token in serviceData ,,"2015-10-19 17:39:32,313",INFO,[AsyncDispatcher event handler]
org.apache.hadoop.mapreduce.v2.app.job.impl.TaskAttemptImpl: * TaskAttempt Transitioned from * to * ,,"2015-10-19 17:39:32,469",INFO,[AsyncDispatcher event handler]
org.apache.hadoop.mapreduce.v2.app.launcher.ContainerLauncherImpl: Processing the event EventType: * for container * taskAttempt * ,,"2015-10-19 17:39:32,516",INFO,[ContainerLauncher #0]
org.apache.hadoop.mapreduce.v2.app.launcher.ContainerLauncherImpl: Launching * ,,"2015-10-19 17:39:32,516",INFO,[ContainerLauncher #0]
org.apache.hadoop.yarn.client.api.impl.ContainerManagementProtocolProxy: Opening proxy : * ,,"2015-10-19 17:39:32,516",INFO,[ContainerLauncher #0]
org.apache.hadoop.mapreduce.v2.app.rm.RMContainerRequestor: getResources() for * release= 0 newContainers=0 * ,,"2015-10-19 17:39:33,094",INFO,[RMCommunicator Allocator]
"org.apache.hadoop.mapreduce.v2.app.rm.RMContainerAllocator: Recalculating schedule, * ",,"2015-10-19 17:39:33,094",INFO,[RMCommunicator Allocator]
org.apache.hadoop.mapreduce.v2.app.rm.RMContainerAllocator: Reduce slow start threshold * ,,"2015-10-19 17:39:33,094",INFO,[RMCommunicator Allocator]
org.apache.hadoop.mapreduce.v2.app.launcher.ContainerLauncherImpl: Shuffle port returned by ContainerManager for * : 13562 ,,"2015-10-19 17:39:33,625",INFO,[ContainerLauncher #0]
org.apache.hadoop.mapreduce.v2.app.job.impl.TaskAttemptImpl: TaskAttempt: * using containerId: * on NM: * ,,"2015-10-19 17:39:33,625",INFO,[AsyncDispatcher event handler]
org.apache.hadoop.mapreduce.v2.app.job.impl.TaskAttemptImpl: * TaskAttempt Transitioned from * to * ,,"2015-10-19 17:39:33,672",INFO,[AsyncDispatcher event handler]
org.apache.hadoop.mapreduce.v2.app.speculate.DefaultSpeculator: ATTEMPT_START * ,,"2015-10-19 17:39:33,672",INFO,[AsyncDispatcher event handler]
org.apache.hadoop.mapreduce.v2.app.job.impl.TaskImpl: * Task Transitioned from * to * ,,"2015-10-19 17:39:33,672",INFO,[AsyncDispatcher event handler]
org.apache.hadoop.mapreduce.v2.app.rm.RMContainerAllocator: Got allocated containers * ,,"2015-10-19 17:39:34,141",INFO,[RMCommunicator Allocator]
org.apache.hadoop.yarn.util.RackResolver: Resolved * to /default-rack ,,"2015-10-19 17:39:34,141",INFO,[RMCommunicator Allocator]
org.apache.hadoop.mapreduce.v2.app.rm.RMContainerAllocator: Assigned * to * ,,"2015-10-19 17:39:34,141",INFO,[RMCommunicator Allocator]
"org.apache.hadoop.mapreduce.v2.app.rm.RMContainerAllocator: Recalculating schedule, * ",,"2015-10-19 17:39:34,141",INFO,[RMCommunicator Allocator]
org.apache.hadoop.mapreduce.v2.app.rm.RMContainerAllocator: Reduce slow start threshold * ,,"2015-10-19 17:39:34,141",INFO,[RMCommunicator Allocator]
org.apache.hadoop.mapreduce.v2.app.rm.RMContainerAllocator: After Scheduling: PendingReds:1 * ScheduledReds:0 * AssignedReds:0 CompletedMaps:0 CompletedReds:0 * ,,"2015-10-19 17:39:34,141",INFO,[RMCommunicator Allocator]
org.apache.hadoop.yarn.util.RackResolver: Resolved * to /default-rack ,,"2015-10-19 17:39:34,141",INFO,[AsyncDispatcher event handler]
org.apache.hadoop.mapreduce.v2.app.job.impl.TaskAttemptImpl: * TaskAttempt Transitioned from * to * ,,"2015-10-19 17:39:34,141",INFO,[AsyncDispatcher event handler]
org.apache.hadoop.mapreduce.v2.app.launcher.ContainerLauncherImpl: Processing the event EventType: * for container * taskAttempt * ,,"2015-10-19 17:39:34,235",INFO,[ContainerLauncher #1]
org.apache.hadoop.mapreduce.v2.app.launcher.ContainerLauncherImpl: Launching * ,,"2015-10-19 17:39:34,235",INFO,[ContainerLauncher #1]
org.apache.hadoop.yarn.client.api.impl.ContainerManagementProtocolProxy: Opening proxy : * ,,"2015-10-19 17:39:34,235",INFO,[ContainerLauncher #1]
org.apache.hadoop.mapreduce.v2.app.launcher.ContainerLauncherImpl: Shuffle port returned by ContainerManager for * : 13562 ,,"2015-10-19 17:39:34,360",INFO,[ContainerLauncher #1]
org.apache.hadoop.mapreduce.v2.app.job.impl.TaskAttemptImpl: TaskAttempt: * using containerId: * on NM: * ,,"2015-10-19 17:39:34,360",INFO,[AsyncDispatcher event handler]
org.apache.hadoop.mapreduce.v2.app.job.impl.TaskAttemptImpl: * TaskAttempt Transitioned from * to * ,,"2015-10-19 17:39:34,360",INFO,[AsyncDispatcher event handler]
org.apache.hadoop.mapreduce.v2.app.speculate.DefaultSpeculator: ATTEMPT_START * ,,"2015-10-19 17:39:34,360",INFO,[AsyncDispatcher event handler]
org.apache.hadoop.mapreduce.v2.app.job.impl.TaskImpl: * Task Transitioned from * to * ,,"2015-10-19 17:39:34,360",INFO,[AsyncDispatcher event handler]
org.apache.hadoop.mapreduce.v2.app.rm.RMContainerRequestor: getResources() for * release= 0 newContainers=0 * ,,"2015-10-19 17:39:35,141",INFO,[RMCommunicator Allocator]
"org.apache.hadoop.mapreduce.v2.app.rm.RMContainerAllocator: Recalculating schedule, * ",,"2015-10-19 17:39:35,141",INFO,[RMCommunicator Allocator]
org.apache.hadoop.mapreduce.v2.app.rm.RMContainerAllocator: Reduce slow start threshold * ,,"2015-10-19 17:39:35,141",INFO,[RMCommunicator Allocator]
"org.apache.hadoop.mapreduce.v2.app.rm.RMContainerAllocator: Recalculating schedule, * ",,"2015-10-19 17:39:36,188",INFO,[RMCommunicator Allocator]
org.apache.hadoop.mapreduce.v2.app.rm.RMContainerAllocator: Reduce slow start threshold * ,,"2015-10-19 17:39:36,188",INFO,[RMCommunicator Allocator]
"org.apache.hadoop.mapreduce.v2.app.rm.RMContainerAllocator: Recalculating schedule, * ",,"2015-10-19 17:39:37,235",INFO,[RMCommunicator Allocator]
org.apache.hadoop.mapreduce.v2.app.rm.RMContainerAllocator: Reduce slow start threshold * ,,"2015-10-19 17:39:37,235",INFO,[RMCommunicator Allocator]
"org.apache.hadoop.mapreduce.v2.app.rm.RMContainerAllocator: Recalculating schedule, * ",,"2015-10-19 17:39:38,235",INFO,[RMCommunicator Allocator]
org.apache.hadoop.mapreduce.v2.app.rm.RMContainerAllocator: Reduce slow start threshold * ,,"2015-10-19 17:39:38,235",INFO,[RMCommunicator Allocator]
"org.apache.hadoop.mapreduce.v2.app.rm.RMContainerAllocator: Recalculating schedule, * ",,"2015-10-19 17:39:39,282",INFO,[RMCommunicator Allocator]
org.apache.hadoop.mapreduce.v2.app.rm.RMContainerAllocator: Reduce slow start threshold * ,,"2015-10-19 17:39:39,282",INFO,[RMCommunicator Allocator]
SecurityLogger.org.apache.hadoop.ipc.Server: Auth successful for * (auth:SIMPLE) ,,"2015-10-19 17:39:40,125",INFO,[Socket Reader #1 for port 58950]
org.apache.hadoop.mapred.TaskAttemptListenerImpl: JVM with ID : * asked for a task ,,"2015-10-19 17:39:40,266",INFO,[IPC Server handler 26 on 58950]
org.apache.hadoop.mapred.TaskAttemptListenerImpl: JVM with ID: * given task: * ,,"2015-10-19 17:39:40,266",INFO,[IPC Server handler 26 on 58950]
"org.apache.hadoop.mapreduce.v2.app.rm.RMContainerAllocator: Recalculating schedule, * ",,"2015-10-19 17:39:40,282",INFO,[RMCommunicator Allocator]
org.apache.hadoop.mapreduce.v2.app.rm.RMContainerAllocator: Reduce slow start threshold * ,,"2015-10-19 17:39:40,282",INFO,[RMCommunicator Allocator]
"org.apache.hadoop.mapreduce.v2.app.rm.RMContainerAllocator: Recalculating schedule, * ",,"2015-10-19 17:39:41,313",INFO,[RMCommunicator Allocator]
org.apache.hadoop.mapreduce.v2.app.rm.RMContainerAllocator: Reduce slow start threshold * ,,"2015-10-19 17:39:41,313",INFO,[RMCommunicator Allocator]
"org.apache.hadoop.mapreduce.v2.app.rm.RMContainerAllocator: Recalculating schedule, * ",,"2015-10-19 17:39:42,391",INFO,[RMCommunicator Allocator]
org.apache.hadoop.mapreduce.v2.app.rm.RMContainerAllocator: Reduce slow start threshold * ,,"2015-10-19 17:39:42,391",INFO,[RMCommunicator Allocator]
"org.apache.hadoop.mapreduce.v2.app.rm.RMContainerAllocator: Recalculating schedule, * ",,"2015-10-19 17:39:44,438",INFO,[RMCommunicator Allocator]
org.apache.hadoop.mapreduce.v2.app.rm.RMContainerAllocator: Reduce slow start threshold * ,,"2015-10-19 17:39:44,438",INFO,[RMCommunicator Allocator]
"org.apache.hadoop.mapreduce.v2.app.rm.RMContainerAllocator: Recalculating schedule, * ",,"2015-10-19 17:39:45,454",INFO,[RMCommunicator Allocator]
org.apache.hadoop.mapreduce.v2.app.rm.RMContainerAllocator: Reduce slow start threshold * ,,"2015-10-19 17:39:45,454",INFO,[RMCommunicator Allocator]
"org.apache.hadoop.mapreduce.v2.app.rm.RMContainerAllocator: Recalculating schedule, * ",,"2015-10-19 17:39:46,485",INFO,[RMCommunicator Allocator]
org.apache.hadoop.mapreduce.v2.app.rm.RMContainerAllocator: Reduce slow start threshold * ,,"2015-10-19 17:39:46,485",INFO,[RMCommunicator Allocator]
"org.apache.hadoop.mapreduce.v2.app.rm.RMContainerAllocator: Recalculating schedule, * ",,"2015-10-19 17:39:47,501",INFO,[RMCommunicator Allocator]
org.apache.hadoop.mapreduce.v2.app.rm.RMContainerAllocator: Reduce slow start threshold * ,,"2015-10-19 17:39:47,501",INFO,[RMCommunicator Allocator]
"org.apache.hadoop.mapreduce.v2.app.rm.RMContainerAllocator: Recalculating schedule, * ",,"2015-10-19 17:39:48,579",INFO,[RMCommunicator Allocator]
org.apache.hadoop.mapreduce.v2.app.rm.RMContainerAllocator: Reduce slow start threshold * ,,"2015-10-19 17:39:48,579",INFO,[RMCommunicator Allocator]
"org.apache.hadoop.mapreduce.v2.app.rm.RMContainerAllocator: Recalculating schedule, * ",,"2015-10-19 17:39:49,688",INFO,[RMCommunicator Allocator]
org.apache.hadoop.mapreduce.v2.app.rm.RMContainerAllocator: Reduce slow start threshold * ,,"2015-10-19 17:39:49,688",INFO,[RMCommunicator Allocator]
"org.apache.hadoop.mapreduce.v2.app.rm.RMContainerAllocator: Recalculating schedule, * ",,"2015-10-19 17:39:50,766",INFO,[RMCommunicator Allocator]
org.apache.hadoop.mapreduce.v2.app.rm.RMContainerAllocator: Reduce slow start threshold * ,,"2015-10-19 17:39:50,766",INFO,[RMCommunicator Allocator]
SecurityLogger.org.apache.hadoop.ipc.Server: Auth successful for * (auth:SIMPLE) ,,"2015-10-19 17:39:50,782",INFO,[Socket Reader #1 for port 58950]
org.apache.hadoop.mapred.TaskAttemptListenerImpl: JVM with ID : * asked for a task ,,"2015-10-19 17:39:51,141",INFO,[IPC Server handler 26 on 58950]
org.apache.hadoop.mapred.TaskAttemptListenerImpl: JVM with ID: * given task: * ,,"2015-10-19 17:39:51,141",INFO,[IPC Server handler 26 on 58950]
"org.apache.hadoop.mapreduce.v2.app.rm.RMContainerAllocator: Recalculating schedule, * ",,"2015-10-19 17:39:51,798",INFO,[RMCommunicator Allocator]
org.apache.hadoop.mapreduce.v2.app.rm.RMContainerAllocator: Reduce slow start threshold * ,,"2015-10-19 17:39:51,798",INFO,[RMCommunicator Allocator]
org.apache.hadoop.mapred.TaskAttemptListenerImpl: Progress of TaskAttempt * is : * ,,"2015-10-19 17:39:52,516",INFO,[IPC Server handler 4 on 58950]
"org.apache.hadoop.mapreduce.v2.app.rm.RMContainerAllocator: Recalculating schedule, * ",,"2015-10-19 17:39:53,157",INFO,[RMCommunicator Allocator]
org.apache.hadoop.mapreduce.v2.app.rm.RMContainerAllocator: Reduce slow start threshold * ,,"2015-10-19 17:39:53,157",INFO,[RMCommunicator Allocator]
"org.apache.hadoop.mapreduce.v2.app.rm.RMContainerAllocator: Recalculating schedule, * ",,"2015-10-19 17:39:54,235",INFO,[RMCommunicator Allocator]
org.apache.hadoop.mapreduce.v2.app.rm.RMContainerAllocator: Reduce slow start threshold * ,,"2015-10-19 17:39:54,235",INFO,[RMCommunicator Allocator]
"org.apache.hadoop.mapreduce.v2.app.rm.RMContainerAllocator: Recalculating schedule, * ",,"2015-10-19 17:39:55,345",INFO,[RMCommunicator Allocator]
org.apache.hadoop.mapreduce.v2.app.rm.RMContainerAllocator: Reduce slow start threshold * ,,"2015-10-19 17:39:55,345",INFO,[RMCommunicator Allocator]
org.apache.hadoop.mapred.TaskAttemptListenerImpl: Progress of TaskAttempt * is : * ,,"2015-10-19 17:39:55,563",INFO,[IPC Server handler 9 on 58950]
"org.apache.hadoop.mapreduce.v2.app.rm.RMContainerAllocator: Recalculating schedule, * ",,"2015-10-19 17:39:56,392",INFO,[RMCommunicator Allocator]
org.apache.hadoop.mapreduce.v2.app.rm.RMContainerAllocator: Reduce slow start threshold * ,,"2015-10-19 17:39:56,392",INFO,[RMCommunicator Allocator]
"org.apache.hadoop.mapreduce.v2.app.rm.RMContainerAllocator: Recalculating schedule, * ",,"2015-10-19 17:39:57,423",INFO,[RMCommunicator Allocator]
org.apache.hadoop.mapreduce.v2.app.rm.RMContainerAllocator: Reduce slow start threshold * ,,"2015-10-19 17:39:57,423",INFO,[RMCommunicator Allocator]
org.apache.hadoop.mapred.TaskAttemptListenerImpl: Progress of TaskAttempt * is : * ,,"2015-10-19 17:39:58,579",INFO,[IPC Server handler 9 on 58950]
"org.apache.hadoop.mapreduce.v2.app.rm.RMContainerAllocator: Recalculating schedule, * ",,"2015-10-19 17:39:59,345",INFO,[RMCommunicator Allocator]
org.apache.hadoop.mapreduce.v2.app.rm.RMContainerAllocator: Reduce slow start threshold * ,,"2015-10-19 17:39:59,345",INFO,[RMCommunicator Allocator]
"org.apache.hadoop.mapreduce.v2.app.rm.RMContainerAllocator: Recalculating schedule, * ",,"2015-10-19 17:40:00,407",INFO,[RMCommunicator Allocator]
org.apache.hadoop.mapreduce.v2.app.rm.RMContainerAllocator: Reduce slow start threshold * ,,"2015-10-19 17:40:00,407",INFO,[RMCommunicator Allocator]
"org.apache.hadoop.mapreduce.v2.app.rm.RMContainerAllocator: Recalculating schedule, * ",,"2015-10-19 17:40:01,423",INFO,[RMCommunicator Allocator]
org.apache.hadoop.mapreduce.v2.app.rm.RMContainerAllocator: Reduce slow start threshold * ,,"2015-10-19 17:40:01,423",INFO,[RMCommunicator Allocator]
org.apache.hadoop.mapred.TaskAttemptListenerImpl: Progress of TaskAttempt * is : * ,,"2015-10-19 17:40:01,673",INFO,[IPC Server handler 5 on 58950]
"org.apache.hadoop.mapreduce.v2.app.rm.RMContainerAllocator: Recalculating schedule, * ",,"2015-10-19 17:40:02,532",INFO,[RMCommunicator Allocator]
org.apache.hadoop.mapreduce.v2.app.rm.RMContainerAllocator: Reduce slow start threshold * ,,"2015-10-19 17:40:02,532",INFO,[RMCommunicator Allocator]
"org.apache.hadoop.mapreduce.v2.app.rm.RMContainerAllocator: Recalculating schedule, * ",,"2015-10-19 17:40:03,595",INFO,[RMCommunicator Allocator]
org.apache.hadoop.mapreduce.v2.app.rm.RMContainerAllocator: Reduce slow start threshold * ,,"2015-10-19 17:40:03,595",INFO,[RMCommunicator Allocator]
"org.apache.hadoop.mapreduce.v2.app.rm.RMContainerAllocator: Recalculating schedule, * ",,"2015-10-19 17:40:04,673",INFO,[RMCommunicator Allocator]
org.apache.hadoop.mapreduce.v2.app.rm.RMContainerAllocator: Reduce slow start threshold * ,,"2015-10-19 17:40:04,673",INFO,[RMCommunicator Allocator]
org.apache.hadoop.mapred.TaskAttemptListenerImpl: Progress of TaskAttempt * is : * ,,"2015-10-19 17:40:04,736",INFO,[IPC Server handler 1 on 58950]
org.apache.hadoop.mapred.TaskAttemptListenerImpl: Progress of TaskAttempt * is : * ,,"2015-10-19 17:40:05,157",INFO,[IPC Server handler 4 on 58950]
"org.apache.hadoop.mapreduce.v2.app.rm.RMContainerAllocator: Recalculating schedule, * ",,"2015-10-19 17:40:05,689",INFO,[RMCommunicator Allocator]
org.apache.hadoop.mapreduce.v2.app.rm.RMContainerAllocator: Reduce slow start threshold * ,,"2015-10-19 17:40:05,689",INFO,[RMCommunicator Allocator]
"org.apache.hadoop.mapreduce.v2.app.rm.RMContainerAllocator: Recalculating schedule, * ",,"2015-10-19 17:40:07,048",INFO,[RMCommunicator Allocator]
org.apache.hadoop.mapreduce.v2.app.rm.RMContainerAllocator: Reduce slow start threshold * ,,"2015-10-19 17:40:07,048",INFO,[RMCommunicator Allocator]
org.apache.hadoop.mapred.TaskAttemptListenerImpl: Progress of TaskAttempt * is : * ,,"2015-10-19 17:40:07,798",INFO,[IPC Server handler 27 on 58950]
"org.apache.hadoop.mapreduce.v2.app.rm.RMContainerAllocator: Recalculating schedule, * ",,"2015-10-19 17:40:08,111",INFO,[RMCommunicator Allocator]
org.apache.hadoop.mapreduce.v2.app.rm.RMContainerAllocator: Reduce slow start threshold * ,,"2015-10-19 17:40:08,111",INFO,[RMCommunicator Allocator]
org.apache.hadoop.mapred.TaskAttemptListenerImpl: Progress of TaskAttempt * is : * ,,"2015-10-19 17:40:08,283",INFO,[IPC Server handler 9 on 58950]
"org.apache.hadoop.mapreduce.v2.app.rm.RMContainerAllocator: Recalculating schedule, * ",,"2015-10-19 17:40:09,158",INFO,[RMCommunicator Allocator]
org.apache.hadoop.mapreduce.v2.app.rm.RMContainerAllocator: Reduce slow start threshold * ,,"2015-10-19 17:40:09,158",INFO,[RMCommunicator Allocator]
"org.apache.hadoop.mapreduce.v2.app.rm.RMContainerAllocator: Recalculating schedule, * ",,"2015-10-19 17:40:10,189",INFO,[RMCommunicator Allocator]
org.apache.hadoop.mapreduce.v2.app.rm.RMContainerAllocator: Reduce slow start threshold * ,,"2015-10-19 17:40:10,189",INFO,[RMCommunicator Allocator]
org.apache.hadoop.mapred.TaskAttemptListenerImpl: Progress of TaskAttempt * is : * ,,"2015-10-19 17:40:10,829",INFO,[IPC Server handler 15 on 58950]
"org.apache.hadoop.mapreduce.v2.app.rm.RMContainerAllocator: Recalculating schedule, * ",,"2015-10-19 17:40:11,205",INFO,[RMCommunicator Allocator]
org.apache.hadoop.mapreduce.v2.app.rm.RMContainerAllocator: Reduce slow start threshold * ,,"2015-10-19 17:40:11,205",INFO,[RMCommunicator Allocator]
org.apache.hadoop.mapred.TaskAttemptListenerImpl: Progress of TaskAttempt * is : * ,,"2015-10-19 17:40:11,455",INFO,[IPC Server handler 5 on 58950]
"org.apache.hadoop.mapreduce.v2.app.rm.RMContainerAllocator: Recalculating schedule, * ",,"2015-10-19 17:40:12,251",INFO,[RMCommunicator Allocator]
org.apache.hadoop.mapreduce.v2.app.rm.RMContainerAllocator: Reduce slow start threshold * ,,"2015-10-19 17:40:12,251",INFO,[RMCommunicator Allocator]
"org.apache.hadoop.mapreduce.v2.app.rm.RMContainerAllocator: Recalculating schedule, * ",,"2015-10-19 17:40:13,955",INFO,[RMCommunicator Allocator]
org.apache.hadoop.mapreduce.v2.app.rm.RMContainerAllocator: Reduce slow start threshold * ,,"2015-10-19 17:40:13,955",INFO,[RMCommunicator Allocator]
org.apache.hadoop.mapred.TaskAttemptListenerImpl: Progress of TaskAttempt * is : * ,,"2015-10-19 17:40:14,142",INFO,[IPC Server handler 26 on 58950]
"org.apache.hadoop.mapreduce.v2.app.rm.RMContainerAllocator: Recalculating schedule, * ",,"2015-10-19 17:40:15,001",INFO,[RMCommunicator Allocator]
org.apache.hadoop.mapreduce.v2.app.rm.RMContainerAllocator: Reduce slow start threshold * ,,"2015-10-19 17:40:15,001",INFO,[RMCommunicator Allocator]
"org.apache.hadoop.mapreduce.v2.app.rm.RMContainerAllocator: Recalculating schedule, * ",,"2015-10-19 17:40:16,048",INFO,[RMCommunicator Allocator]
org.apache.hadoop.mapreduce.v2.app.rm.RMContainerAllocator: Reduce slow start threshold * ,,"2015-10-19 17:40:16,048",INFO,[RMCommunicator Allocator]
org.apache.hadoop.mapred.TaskAttemptListenerImpl: Progress of TaskAttempt * is : * ,,"2015-10-19 17:40:17,455",INFO,[IPC Server handler 9 on 58950]
"org.apache.hadoop.mapreduce.v2.app.rm.RMContainerAllocator: Recalculating schedule, * ",,"2015-10-19 17:40:18,064",INFO,[RMCommunicator Allocator]
org.apache.hadoop.mapreduce.v2.app.rm.RMContainerAllocator: Reduce slow start threshold * ,,"2015-10-19 17:40:18,064",INFO,[RMCommunicator Allocator]
"org.apache.hadoop.mapreduce.v2.app.rm.RMContainerAllocator: Recalculating schedule, * ",,"2015-10-19 17:40:19,080",INFO,[RMCommunicator Allocator]
org.apache.hadoop.mapreduce.v2.app.rm.RMContainerAllocator: Reduce slow start threshold * ,,"2015-10-19 17:40:19,080",INFO,[RMCommunicator Allocator]
org.apache.hadoop.mapred.TaskAttemptListenerImpl: Progress of TaskAttempt * is : * ,,"2015-10-19 17:40:19,689",INFO,[IPC Server handler 1 on 58950]
"org.apache.hadoop.mapreduce.v2.app.rm.RMContainerAllocator: Recalculating schedule, * ",,"2015-10-19 17:40:20,127",INFO,[RMCommunicator Allocator]
org.apache.hadoop.mapreduce.v2.app.rm.RMContainerAllocator: Reduce slow start threshold * ,,"2015-10-19 17:40:20,127",INFO,[RMCommunicator Allocator]
org.apache.hadoop.mapred.TaskAttemptListenerImpl: Progress of TaskAttempt * is : * ,,"2015-10-19 17:40:20,517",INFO,[IPC Server handler 5 on 58950]
"org.apache.hadoop.mapreduce.v2.app.rm.RMContainerAllocator: Recalculating schedule, * ",,"2015-10-19 17:40:21,127",INFO,[RMCommunicator Allocator]
org.apache.hadoop.mapreduce.v2.app.rm.RMContainerAllocator: Reduce slow start threshold * ,,"2015-10-19 17:40:21,127",INFO,[RMCommunicator Allocator]
"org.apache.hadoop.mapreduce.v2.app.rm.RMContainerAllocator: Recalculating schedule, * ",,"2015-10-19 17:40:23,080",INFO,[RMCommunicator Allocator]
org.apache.hadoop.mapreduce.v2.app.rm.RMContainerAllocator: Reduce slow start threshold * ,,"2015-10-19 17:40:23,080",INFO,[RMCommunicator Allocator]
org.apache.hadoop.mapred.TaskAttemptListenerImpl: Progress of TaskAttempt * is : * ,,"2015-10-19 17:40:23,877",INFO,[IPC Server handler 15 on 58950]
"org.apache.hadoop.mapreduce.v2.app.rm.RMContainerAllocator: Recalculating schedule, * ",,"2015-10-19 17:40:24,127",INFO,[RMCommunicator Allocator]
org.apache.hadoop.mapreduce.v2.app.rm.RMContainerAllocator: Reduce slow start threshold * ,,"2015-10-19 17:40:24,127",INFO,[RMCommunicator Allocator]
"org.apache.hadoop.mapreduce.v2.app.rm.RMContainerAllocator: Recalculating schedule, * ",,"2015-10-19 17:40:25,158",INFO,[RMCommunicator Allocator]
org.apache.hadoop.mapreduce.v2.app.rm.RMContainerAllocator: Reduce slow start threshold * ,,"2015-10-19 17:40:25,158",INFO,[RMCommunicator Allocator]
"org.apache.hadoop.mapreduce.v2.app.rm.RMContainerAllocator: Recalculating schedule, * ",,"2015-10-19 17:40:26,189",INFO,[RMCommunicator Allocator]
org.apache.hadoop.mapreduce.v2.app.rm.RMContainerAllocator: Reduce slow start threshold * ,,"2015-10-19 17:40:26,189",INFO,[RMCommunicator Allocator]
org.apache.hadoop.mapred.TaskAttemptListenerImpl: Progress of TaskAttempt * is : * ,,"2015-10-19 17:40:26,939",INFO,[IPC Server handler 27 on 58950]
"org.apache.hadoop.mapreduce.v2.app.rm.RMContainerAllocator: Recalculating schedule, * ",,"2015-10-19 17:40:27,189",INFO,[RMCommunicator Allocator]
org.apache.hadoop.mapreduce.v2.app.rm.RMContainerAllocator: Reduce slow start threshold * ,,"2015-10-19 17:40:27,189",INFO,[RMCommunicator Allocator]
"org.apache.hadoop.mapreduce.v2.app.rm.RMContainerAllocator: Recalculating schedule, * ",,"2015-10-19 17:40:28,221",INFO,[RMCommunicator Allocator]
org.apache.hadoop.mapreduce.v2.app.rm.RMContainerAllocator: Reduce slow start threshold * ,,"2015-10-19 17:40:28,221",INFO,[RMCommunicator Allocator]
org.apache.hadoop.mapred.TaskAttemptListenerImpl: Progress of TaskAttempt * is : * ,,"2015-10-19 17:40:29,127",INFO,[IPC Server handler 17 on 58950]
"org.apache.hadoop.mapreduce.v2.app.rm.RMContainerAllocator: Recalculating schedule, * ",,"2015-10-19 17:40:29,314",INFO,[RMCommunicator Allocator]
org.apache.hadoop.mapreduce.v2.app.rm.RMContainerAllocator: Reduce slow start threshold * ,,"2015-10-19 17:40:29,314",INFO,[RMCommunicator Allocator]
org.apache.hadoop.mapred.TaskAttemptListenerImpl: Progress of TaskAttempt * is : * ,,"2015-10-19 17:40:29,971",INFO,[IPC Server handler 17 on 58950]
"org.apache.hadoop.mapreduce.v2.app.rm.RMContainerAllocator: Recalculating schedule, * ",,"2015-10-19 17:40:30,314",INFO,[RMCommunicator Allocator]
org.apache.hadoop.mapreduce.v2.app.rm.RMContainerAllocator: Reduce slow start threshold * ,,"2015-10-19 17:40:30,314",INFO,[RMCommunicator Allocator]
"org.apache.hadoop.mapreduce.v2.app.rm.RMContainerAllocator: Recalculating schedule, * ",,"2015-10-19 17:40:31,361",INFO,[RMCommunicator Allocator]
org.apache.hadoop.mapreduce.v2.app.rm.RMContainerAllocator: Reduce slow start threshold * ,,"2015-10-19 17:40:31,361",INFO,[RMCommunicator Allocator]
org.apache.hadoop.mapred.TaskAttemptListenerImpl: Progress of TaskAttempt * is : * ,,"2015-10-19 17:40:32,205",INFO,[IPC Server handler 12 on 58950]
"org.apache.hadoop.mapreduce.v2.app.rm.RMContainerAllocator: Recalculating schedule, * ",,"2015-10-19 17:40:32,377",INFO,[RMCommunicator Allocator]
org.apache.hadoop.mapreduce.v2.app.rm.RMContainerAllocator: Reduce slow start threshold * ,,"2015-10-19 17:40:32,377",INFO,[RMCommunicator Allocator]
org.apache.hadoop.mapred.TaskAttemptListenerImpl: Progress of TaskAttempt * is : * ,,"2015-10-19 17:40:33,033",INFO,[IPC Server handler 3 on 58950]
"org.apache.hadoop.mapreduce.v2.app.rm.RMContainerAllocator: Recalculating schedule, * ",,"2015-10-19 17:40:33,440",INFO,[RMCommunicator Allocator]
org.apache.hadoop.mapreduce.v2.app.rm.RMContainerAllocator: Reduce slow start threshold * ,,"2015-10-19 17:40:33,440",INFO,[RMCommunicator Allocator]
"org.apache.hadoop.mapreduce.v2.app.rm.RMContainerAllocator: Recalculating schedule, * ",,"2015-10-19 17:40:34,455",INFO,[RMCommunicator Allocator]
org.apache.hadoop.mapreduce.v2.app.rm.RMContainerAllocator: Reduce slow start threshold * ,,"2015-10-19 17:40:34,455",INFO,[RMCommunicator Allocator]
"org.apache.hadoop.mapreduce.v2.app.rm.RMContainerAllocator: Recalculating schedule, * ",,"2015-10-19 17:40:36,049",INFO,[RMCommunicator Allocator]
org.apache.hadoop.mapreduce.v2.app.rm.RMContainerAllocator: Reduce slow start threshold * ,,"2015-10-19 17:40:36,049",INFO,[RMCommunicator Allocator]
org.apache.hadoop.mapred.TaskAttemptListenerImpl: Progress of TaskAttempt * is : * ,,"2015-10-19 17:40:36,065",INFO,[IPC Server handler 12 on 58950]
org.apache.hadoop.mapred.TaskAttemptListenerImpl: Progress of TaskAttempt * is : * ,,"2015-10-19 17:40:38,705",INFO,[IPC Server handler 5 on 58950]
org.apache.hadoop.mapred.TaskAttemptListenerImpl: Progress of TaskAttempt * is : * ,,"2015-10-19 17:40:39,127",INFO,[IPC Server handler 21 on 58950]
"org.apache.hadoop.mapreduce.v2.app.rm.RMContainerAllocator: Recalculating schedule, * ",,"2015-10-19 17:40:39,940",INFO,[RMCommunicator Allocator]
org.apache.hadoop.mapreduce.v2.app.rm.RMContainerAllocator: Reduce slow start threshold * ,,"2015-10-19 17:40:39,940",INFO,[RMCommunicator Allocator]
org.apache.hadoop.mapred.TaskAttemptListenerImpl: Progress of TaskAttempt * is : * ,,"2015-10-19 17:40:42,237",INFO,[IPC Server handler 29 on 58950]
org.apache.hadoop.mapred.TaskAttemptListenerImpl: Progress of TaskAttempt * is : * ,,"2015-10-19 17:40:45,315",INFO,[IPC Server handler 28 on 58950]
"org.apache.hadoop.mapreduce.v2.app.rm.RMContainerAllocator: Recalculating schedule, * ",,"2015-10-19 17:40:47,659",INFO,[RMCommunicator Allocator]
org.apache.hadoop.mapreduce.v2.app.rm.RMContainerAllocator: Reduce slow start threshold * ,,"2015-10-19 17:40:47,659",INFO,[RMCommunicator Allocator]
org.apache.hadoop.mapred.TaskAttemptListenerImpl: Progress of TaskAttempt * is : * ,,"2015-10-19 17:40:48,346",INFO,[IPC Server handler 28 on 58950]
"org.apache.hadoop.mapreduce.v2.app.rm.RMContainerAllocator: Recalculating schedule, * ",,"2015-10-19 17:40:48,721",INFO,[RMCommunicator Allocator]
org.apache.hadoop.mapreduce.v2.app.rm.RMContainerAllocator: Reduce slow start threshold * ,,"2015-10-19 17:40:48,721",INFO,[RMCommunicator Allocator]
"org.apache.hadoop.mapreduce.v2.app.rm.RMContainerAllocator: Recalculating schedule, * ",,"2015-10-19 17:40:49,862",INFO,[RMCommunicator Allocator]
org.apache.hadoop.mapreduce.v2.app.rm.RMContainerAllocator: Reduce slow start threshold * ,,"2015-10-19 17:40:49,862",INFO,[RMCommunicator Allocator]
SecurityLogger.org.apache.hadoop.ipc.Server: Auth successful for * (auth:SIMPLE) ,,"2015-10-19 17:40:51,221",INFO,[Socket Reader #1 for port 58950]
"org.apache.hadoop.mapreduce.v2.app.rm.RMContainerAllocator: Recalculating schedule, * ",,"2015-10-19 17:40:51,237",INFO,[RMCommunicator Allocator]
org.apache.hadoop.mapreduce.v2.app.rm.RMContainerAllocator: Reduce slow start threshold * ,,"2015-10-19 17:40:51,237",INFO,[RMCommunicator Allocator]
org.apache.hadoop.mapred.TaskAttemptListenerImpl: Progress of TaskAttempt * is : * ,,"2015-10-19 17:40:51,378",INFO,[IPC Server handler 25 on 58950]
org.apache.hadoop.mapred.TaskAttemptListenerImpl: Progress of TaskAttempt * is : * ,,"2015-10-19 17:40:51,409",INFO,[IPC Server handler 10 on 58950]
"org.apache.hadoop.mapreduce.v2.app.rm.RMContainerAllocator: Recalculating schedule, * ",,"2015-10-19 17:40:52,284",INFO,[RMCommunicator Allocator]
org.apache.hadoop.mapreduce.v2.app.rm.RMContainerAllocator: Reduce slow start threshold * ,,"2015-10-19 17:40:52,284",INFO,[RMCommunicator Allocator]
"org.apache.hadoop.mapreduce.v2.app.rm.RMContainerAllocator: Recalculating schedule, * ",,"2015-10-19 17:40:53,331",INFO,[RMCommunicator Allocator]
org.apache.hadoop.mapreduce.v2.app.rm.RMContainerAllocator: Reduce slow start threshold * ,,"2015-10-19 17:40:53,331",INFO,[RMCommunicator Allocator]
"org.apache.hadoop.mapreduce.v2.app.rm.RMContainerAllocator: Recalculating schedule, * ",,"2015-10-19 17:40:54,362",INFO,[RMCommunicator Allocator]
org.apache.hadoop.mapreduce.v2.app.rm.RMContainerAllocator: Reduce slow start threshold * ,,"2015-10-19 17:40:54,362",INFO,[RMCommunicator Allocator]
org.apache.hadoop.mapred.TaskAttemptListenerImpl: Progress of TaskAttempt * is : * ,,"2015-10-19 17:40:54,409",INFO,[IPC Server handler 25 on 58950]
"org.apache.hadoop.mapreduce.v2.app.rm.RMContainerAllocator: Recalculating schedule, * ",,"2015-10-19 17:40:55,393",INFO,[RMCommunicator Allocator]
org.apache.hadoop.mapreduce.v2.app.rm.RMContainerAllocator: Reduce slow start threshold * ,,"2015-10-19 17:40:55,393",INFO,[RMCommunicator Allocator]
org.apache.hadoop.mapred.TaskAttemptListenerImpl: Progress of TaskAttempt * is : * ,,"2015-10-19 17:40:55,643",INFO,[IPC Server handler 0 on 58950]
"org.apache.hadoop.mapreduce.v2.app.rm.RMContainerAllocator: Recalculating schedule, * ",,"2015-10-19 17:40:56,425",INFO,[RMCommunicator Allocator]
org.apache.hadoop.mapreduce.v2.app.rm.RMContainerAllocator: Reduce slow start threshold * ,,"2015-10-19 17:40:56,425",INFO,[RMCommunicator Allocator]
org.apache.hadoop.mapred.TaskAttemptListenerImpl: Progress of TaskAttempt * is : * ,,"2015-10-19 17:40:57,472",INFO,[IPC Server handler 16 on 58950]
"org.apache.hadoop.mapreduce.v2.app.rm.RMContainerAllocator: Recalculating schedule, * ",,"2015-10-19 17:40:57,487",INFO,[RMCommunicator Allocator]
org.apache.hadoop.mapreduce.v2.app.rm.RMContainerAllocator: Reduce slow start threshold * ,,"2015-10-19 17:40:57,487",INFO,[RMCommunicator Allocator]
"org.apache.hadoop.mapreduce.v2.app.rm.RMContainerAllocator: Recalculating schedule, * ",,"2015-10-19 17:40:59,112",INFO,[RMCommunicator Allocator]
org.apache.hadoop.mapreduce.v2.app.rm.RMContainerAllocator: Reduce slow start threshold * ,,"2015-10-19 17:40:59,112",INFO,[RMCommunicator Allocator]
org.apache.hadoop.mapred.TaskAttemptListenerImpl: Progress of TaskAttempt * is : * ,,"2015-10-19 17:41:00,206",INFO,[IPC Server handler 17 on 58950]
"org.apache.hadoop.mapreduce.v2.app.rm.RMContainerAllocator: Recalculating schedule, * ",,"2015-10-19 17:41:00,206",INFO,[RMCommunicator Allocator]
org.apache.hadoop.mapreduce.v2.app.rm.RMContainerAllocator: Reduce slow start threshold * ,,"2015-10-19 17:41:00,206",INFO,[RMCommunicator Allocator]
org.apache.hadoop.mapred.TaskAttemptListenerImpl: Progress of TaskAttempt * is : * ,,"2015-10-19 17:41:00,628",INFO,[IPC Server handler 2 on 58950]
"org.apache.hadoop.mapreduce.v2.app.rm.RMContainerAllocator: Recalculating schedule, * ",,"2015-10-19 17:41:01,253",INFO,[RMCommunicator Allocator]
org.apache.hadoop.mapreduce.v2.app.rm.RMContainerAllocator: Reduce slow start threshold * ,,"2015-10-19 17:41:01,253",INFO,[RMCommunicator Allocator]
"org.apache.hadoop.mapreduce.v2.app.rm.RMContainerAllocator: Recalculating schedule, * ",,"2015-10-19 17:41:02,300",INFO,[RMCommunicator Allocator]
org.apache.hadoop.mapreduce.v2.app.rm.RMContainerAllocator: Reduce slow start threshold * ,,"2015-10-19 17:41:02,300",INFO,[RMCommunicator Allocator]
"org.apache.hadoop.mapreduce.v2.app.rm.RMContainerAllocator: Recalculating schedule, * ",,"2015-10-19 17:41:03,315",INFO,[RMCommunicator Allocator]
org.apache.hadoop.mapreduce.v2.app.rm.RMContainerAllocator: Reduce slow start threshold * ,,"2015-10-19 17:41:03,315",INFO,[RMCommunicator Allocator]
org.apache.hadoop.mapred.TaskAttemptListenerImpl: Progress of TaskAttempt * is : * ,,"2015-10-19 17:41:03,909",INFO,[IPC Server handler 9 on 58950]
"org.apache.hadoop.mapreduce.v2.app.rm.RMContainerAllocator: Recalculating schedule, * ",,"2015-10-19 17:41:04,331",INFO,[RMCommunicator Allocator]
org.apache.hadoop.mapreduce.v2.app.rm.RMContainerAllocator: Reduce slow start threshold * ,,"2015-10-19 17:41:04,331",INFO,[RMCommunicator Allocator]
org.apache.hadoop.mapred.TaskAttemptListenerImpl: Progress of TaskAttempt * is : * ,,"2015-10-19 17:41:05,003",INFO,[IPC Server handler 1 on 58950]
"org.apache.hadoop.mapreduce.v2.app.rm.RMContainerAllocator: Recalculating schedule, * ",,"2015-10-19 17:41:06,269",INFO,[RMCommunicator Allocator]
org.apache.hadoop.mapreduce.v2.app.rm.RMContainerAllocator: Reduce slow start threshold * ,,"2015-10-19 17:41:06,269",INFO,[RMCommunicator Allocator]
org.apache.hadoop.mapred.TaskAttemptListenerImpl: Progress of TaskAttempt * is : * ,,"2015-10-19 17:41:07,112",INFO,[IPC Server handler 17 on 58950]
"org.apache.hadoop.mapreduce.v2.app.rm.RMContainerAllocator: Recalculating schedule, * ",,"2015-10-19 17:41:07,300",INFO,[RMCommunicator Allocator]
org.apache.hadoop.mapreduce.v2.app.rm.RMContainerAllocator: Reduce slow start threshold * ,,"2015-10-19 17:41:07,300",INFO,[RMCommunicator Allocator]
"org.apache.hadoop.mapreduce.v2.app.rm.RMContainerAllocator: Recalculating schedule, * ",,"2015-10-19 17:41:08,316",INFO,[RMCommunicator Allocator]
org.apache.hadoop.mapreduce.v2.app.rm.RMContainerAllocator: Reduce slow start threshold * ,,"2015-10-19 17:41:08,316",INFO,[RMCommunicator Allocator]
org.apache.hadoop.mapred.TaskAttemptListenerImpl: Progress of TaskAttempt * is : * ,,"2015-10-19 17:41:09,097",INFO,[IPC Server handler 17 on 58950]
"org.apache.hadoop.mapreduce.v2.app.rm.RMContainerAllocator: Recalculating schedule, * ",,"2015-10-19 17:41:09,347",INFO,[RMCommunicator Allocator]
org.apache.hadoop.mapreduce.v2.app.rm.RMContainerAllocator: Reduce slow start threshold * ,,"2015-10-19 17:41:09,347",INFO,[RMCommunicator Allocator]
org.apache.hadoop.mapred.TaskAttemptListenerImpl: Progress of TaskAttempt * is : * ,,"2015-10-19 17:41:10,284",INFO,[IPC Server handler 15 on 58950]
"org.apache.hadoop.mapreduce.v2.app.rm.RMContainerAllocator: Recalculating schedule, * ",,"2015-10-19 17:41:10,363",INFO,[RMCommunicator Allocator]
org.apache.hadoop.mapreduce.v2.app.rm.RMContainerAllocator: Reduce slow start threshold * ,,"2015-10-19 17:41:10,363",INFO,[RMCommunicator Allocator]
"org.apache.hadoop.mapreduce.v2.app.rm.RMContainerAllocator: Recalculating schedule, * ",,"2015-10-19 17:41:11,394",INFO,[RMCommunicator Allocator]
org.apache.hadoop.mapreduce.v2.app.rm.RMContainerAllocator: Reduce slow start threshold * ,,"2015-10-19 17:41:11,394",INFO,[RMCommunicator Allocator]
"org.apache.hadoop.mapreduce.v2.app.rm.RMContainerAllocator: Recalculating schedule, * ",,"2015-10-19 17:41:12,425",INFO,[RMCommunicator Allocator]
org.apache.hadoop.mapreduce.v2.app.rm.RMContainerAllocator: Reduce slow start threshold * ,,"2015-10-19 17:41:12,425",INFO,[RMCommunicator Allocator]
org.apache.hadoop.mapred.TaskAttemptListenerImpl: Progress of TaskAttempt * is : * ,,"2015-10-19 17:41:13,160",INFO,[IPC Server handler 17 on 58950]
"org.apache.hadoop.mapreduce.v2.app.rm.RMContainerAllocator: Recalculating schedule, * ",,"2015-10-19 17:41:13,441",INFO,[RMCommunicator Allocator]
org.apache.hadoop.mapreduce.v2.app.rm.RMContainerAllocator: Reduce slow start threshold * ,,"2015-10-19 17:41:13,441",INFO,[RMCommunicator Allocator]
org.apache.hadoop.mapred.TaskAttemptListenerImpl: Progress of TaskAttempt * is : * ,,"2015-10-19 17:41:13,441",INFO,[IPC Server handler 3 on 58950]
"org.apache.hadoop.mapreduce.v2.app.rm.RMContainerAllocator: Recalculating schedule, * ",,"2015-10-19 17:41:14,472",INFO,[RMCommunicator Allocator]
org.apache.hadoop.mapreduce.v2.app.rm.RMContainerAllocator: Reduce slow start threshold * ,,"2015-10-19 17:41:14,472",INFO,[RMCommunicator Allocator]
"org.apache.hadoop.mapreduce.v2.app.rm.RMContainerAllocator: Recalculating schedule, * ",,"2015-10-19 17:41:15,488",INFO,[RMCommunicator Allocator]
org.apache.hadoop.mapreduce.v2.app.rm.RMContainerAllocator: Reduce slow start threshold * ,,"2015-10-19 17:41:15,488",INFO,[RMCommunicator Allocator]
org.apache.hadoop.mapred.TaskAttemptListenerImpl: Progress of TaskAttempt * is : * ,,"2015-10-19 17:41:16,503",INFO,[IPC Server handler 27 on 58950]
"org.apache.hadoop.mapreduce.v2.app.rm.RMContainerAllocator: Recalculating schedule, * ",,"2015-10-19 17:41:16,566",INFO,[RMCommunicator Allocator]
org.apache.hadoop.mapreduce.v2.app.rm.RMContainerAllocator: Reduce slow start threshold * ,,"2015-10-19 17:41:16,566",INFO,[RMCommunicator Allocator]
org.apache.hadoop.mapred.TaskAttemptListenerImpl: Progress of TaskAttempt * is : * ,,"2015-10-19 17:41:17,113",INFO,[IPC Server handler 1 on 58950]
"org.apache.hadoop.mapreduce.v2.app.rm.RMContainerAllocator: Recalculating schedule, * ",,"2015-10-19 17:41:17,582",INFO,[RMCommunicator Allocator]
org.apache.hadoop.mapreduce.v2.app.rm.RMContainerAllocator: Reduce slow start threshold * ,,"2015-10-19 17:41:17,582",INFO,[RMCommunicator Allocator]
"org.apache.hadoop.mapreduce.v2.app.rm.RMContainerAllocator: Recalculating schedule, * ",,"2015-10-19 17:41:18,597",INFO,[RMCommunicator Allocator]
org.apache.hadoop.mapreduce.v2.app.rm.RMContainerAllocator: Reduce slow start threshold * ,,"2015-10-19 17:41:18,597",INFO,[RMCommunicator Allocator]
org.apache.hadoop.mapred.TaskAttemptListenerImpl: Progress of TaskAttempt * is : * ,,"2015-10-19 17:41:19,582",INFO,[IPC Server handler 21 on 58950]
"org.apache.hadoop.mapreduce.v2.app.rm.RMContainerAllocator: Recalculating schedule, * ",,"2015-10-19 17:41:19,613",INFO,[RMCommunicator Allocator]
org.apache.hadoop.mapreduce.v2.app.rm.RMContainerAllocator: Reduce slow start threshold * ,,"2015-10-19 17:41:19,613",INFO,[RMCommunicator Allocator]
"org.apache.hadoop.mapreduce.v2.app.rm.RMContainerAllocator: Recalculating schedule, * ",,"2015-10-19 17:41:20,644",INFO,[RMCommunicator Allocator]
org.apache.hadoop.mapreduce.v2.app.rm.RMContainerAllocator: Reduce slow start threshold * ,,"2015-10-19 17:41:20,644",INFO,[RMCommunicator Allocator]
org.apache.hadoop.mapred.TaskAttemptListenerImpl: Progress of TaskAttempt * is : * ,,"2015-10-19 17:41:21,394",INFO,[IPC Server handler 15 on 58950]
"org.apache.hadoop.mapreduce.v2.app.rm.RMContainerAllocator: Recalculating schedule, * ",,"2015-10-19 17:41:21,691",INFO,[RMCommunicator Allocator]
org.apache.hadoop.mapreduce.v2.app.rm.RMContainerAllocator: Reduce slow start threshold * ,,"2015-10-19 17:41:21,691",INFO,[RMCommunicator Allocator]
org.apache.hadoop.mapred.TaskAttemptListenerImpl: Progress of TaskAttempt * is : * ,,"2015-10-19 17:41:22,629",INFO,[IPC Server handler 10 on 58950]
"org.apache.hadoop.mapreduce.v2.app.rm.RMContainerAllocator: Recalculating schedule, * ",,"2015-10-19 17:41:23,675",INFO,[RMCommunicator Allocator]
org.apache.hadoop.mapreduce.v2.app.rm.RMContainerAllocator: Reduce slow start threshold * ,,"2015-10-19 17:41:23,675",INFO,[RMCommunicator Allocator]
"org.apache.hadoop.mapreduce.v2.app.rm.RMContainerAllocator: Recalculating schedule, * ",,"2015-10-19 17:41:24,707",INFO,[RMCommunicator Allocator]
org.apache.hadoop.mapreduce.v2.app.rm.RMContainerAllocator: Reduce slow start threshold * ,,"2015-10-19 17:41:24,707",INFO,[RMCommunicator Allocator]
org.apache.hadoop.mapred.TaskAttemptListenerImpl: Progress of TaskAttempt * is : * ,,"2015-10-19 17:41:25,644",INFO,[IPC Server handler 10 on 58950]
"org.apache.hadoop.mapreduce.v2.app.rm.RMContainerAllocator: Recalculating schedule, * ",,"2015-10-19 17:41:25,769",INFO,[RMCommunicator Allocator]
org.apache.hadoop.mapreduce.v2.app.rm.RMContainerAllocator: Reduce slow start threshold * ,,"2015-10-19 17:41:25,769",INFO,[RMCommunicator Allocator]
org.apache.hadoop.mapred.TaskAttemptListenerImpl: Progress of TaskAttempt * is : * ,,"2015-10-19 17:41:25,941",INFO,[IPC Server handler 14 on 58950]
"org.apache.hadoop.mapreduce.v2.app.rm.RMContainerAllocator: Recalculating schedule, * ",,"2015-10-19 17:41:26,894",INFO,[RMCommunicator Allocator]
org.apache.hadoop.mapreduce.v2.app.rm.RMContainerAllocator: Reduce slow start threshold * ,,"2015-10-19 17:41:26,894",INFO,[RMCommunicator Allocator]
